[{"Feature":"JobRole","Value":"Research Scientist","Weight":0.0251225813,"Attrition":"stay"},{"Feature":"OverTime","Value":"No","Weight":0.0224766511,"Attrition":"stay"},{"Feature":"EducationField","Value":"Medical","Weight":0.0137327069,"Attrition":"stay"},{"Feature":"JobInvolvement","Value":3,"Weight":0.0135241126,"Attrition":"leave"},{"Feature":"StockOptionLevel","Value":1,"Weight":0.0095123802,"Attrition":"leave"},{"Feature":"JobSatisfaction","Value":4,"Weight":0.0089401953,"Attrition":"stay"},{"Feature":"WorkLifeBalance","Value":3,"Weight":0.0074166795,"Attrition":"leave"},{"Feature":"Education","Value":4,"Weight":0.0073144681,"Attrition":"stay"},{"Feature":"MonthlyIncome","Value":4258,"Weight":0.0067498791,"Attrition":"leave"},{"Feature":"JobLevel","Value":1,"Weight":0.0066656445,"Attrition":"leave"},{"Feature":"TOTAL","Value":0.9986441458,"Weight":0.0013558542,"Attrition":"stay"}]