[{"Feature":"MonthlyIncome","Value":10169,"Weight":0.0305119686,"Attrition":"stay"},{"Feature":"YearsWithCurrManager","Value":9,"Weight":0.0224134251,"Attrition":"stay"},{"Feature":"OverTime","Value":"No","Weight":0.0221601204,"Attrition":"stay"},{"Feature":"JobRole","Value":"Manufacturing Director","Weight":0.0201766708,"Attrition":"leave"},{"Feature":"JobLevel","Value":3,"Weight":0.0176741365,"Attrition":"stay"},{"Feature":"EducationField","Value":"Technical Degree","Weight":0.0140325671,"Attrition":"leave"},{"Feature":"StockOptionLevel","Value":1,"Weight":0.0093763896,"Attrition":"leave"},{"Feature":"Education","Value":5,"Weight":0.0079619513,"Attrition":"stay"},{"Feature":"JobSatisfaction","Value":4,"Weight":0.0066660476,"Attrition":"stay"},{"Feature":"YearsSinceLastPromotion","Value":1,"Weight":0.0058342044,"Attrition":"leave"},{"Feature":"TOTAL","Value":0.9986418634,"Weight":0.0013581366,"Attrition":"stay"}]