[{"Feature":"MonthlyIncome","Value":17399,"Weight":0.0330500655,"Attrition":"stay"},{"Feature":"JobLevel","Value":4,"Weight":0.0249935077,"Attrition":"stay"},{"Feature":"JobRole","Value":"Research Director","Weight":0.0248302301,"Attrition":"leave"},{"Feature":"OverTime","Value":"No","Weight":0.0242440998,"Attrition":"stay"},{"Feature":"EducationField","Value":"Medical","Weight":0.016584421,"Attrition":"stay"},{"Feature":"StockOptionLevel","Value":1,"Weight":0.0137173369,"Attrition":"leave"},{"Feature":"JobInvolvement","Value":3,"Weight":0.0125708806,"Attrition":"leave"},{"Feature":"Education","Value":2,"Weight":0.0091450443,"Attrition":"stay"},{"Feature":"NumCompaniesWorked","Value":9,"Weight":0.0089846386,"Attrition":"leave"},{"Feature":"RelationshipSatisfaction","Value":3,"Weight":0.008625482,"Attrition":"stay"},{"Feature":"TOTAL","Value":0.9996706077,"Weight":0.0003293923,"Attrition":"stay"}]