[{"Feature":"MonthlyIncome","Value":17426,"Weight":0.0315684601,"Attrition":"stay"},{"Feature":"OverTime","Value":"No","Weight":0.0233374356,"Attrition":"stay"},{"Feature":"JobRole","Value":"Manager","Weight":0.02306278,"Attrition":"leave"},{"Feature":"JobLevel","Value":4,"Weight":0.0222696251,"Attrition":"stay"},{"Feature":"JobInvolvement","Value":3,"Weight":0.0143656075,"Attrition":"leave"},{"Feature":"EducationField","Value":"Medical","Weight":0.0143311906,"Attrition":"stay"},{"Feature":"StockOptionLevel","Value":1,"Weight":0.0114161212,"Attrition":"leave"},{"Feature":"YearsSinceLastPromotion","Value":4,"Weight":0.0068813437,"Attrition":"leave"},{"Feature":"RelationshipSatisfaction","Value":3,"Weight":0.0061733994,"Attrition":"stay"},{"Feature":"Education","Value":5,"Weight":0.0060125982,"Attrition":"stay"},{"Feature":"TOTAL","Value":0.9994391079,"Weight":0.0005608921,"Attrition":"stay"}]