[{"Feature":"MonthlyIncome","Value":16032,"Weight":0.0389508121,"Attrition":"stay"},{"Feature":"YearsWithCurrManager","Value":12,"Weight":0.0334972947,"Attrition":"stay"},{"Feature":"OverTime","Value":"No","Weight":0.0264606645,"Attrition":"stay"},{"Feature":"JobRole","Value":"Manager","Weight":0.0241803939,"Attrition":"leave"},{"Feature":"JobLevel","Value":4,"Weight":0.0201667976,"Attrition":"stay"},{"Feature":"EducationField","Value":"Medical","Weight":0.0162821945,"Attrition":"stay"},{"Feature":"JobInvolvement","Value":3,"Weight":0.0150367766,"Attrition":"leave"},{"Feature":"StockOptionLevel","Value":1,"Weight":0.0128174851,"Attrition":"leave"},{"Feature":"WorkLifeBalance","Value":3,"Weight":0.0091078226,"Attrition":"leave"},{"Feature":"NumCompaniesWorked","Value":3,"Weight":0.0082832482,"Attrition":"stay"},{"Feature":"TOTAL","Value":0.9999134344,"Weight":0.0000865656,"Attrition":"stay"}]